symbol,12M,1M,1W,3M,6M,9M
3IINFOLTD,-31.4243,-4.5621,7.6923,-19.7531,-26.5833,-29.1001
AARTIIND,-8.8696,5.4609,1.6686,-0.2285,-16.1779,-4.7619
ABCAPITAL,79.1061,8.5312,0.6224,16.9166,49.65,110.707
ABDL,106.383,11.8781,5.2555,24.4066,62.5766,95.753
ABFRL,-73.0955,-5.5281,-0.343,2.8586,-12.6989,-68.6991
ABLBL,-17.7403,-2.4236,5.1615,-4.4957,-17.7403,-17.7403
ACMESOLAR,-0.437,-8.7898,-0.4766,-13.7349,-0.8114,28.2432
ADANIENSOL,18.1524,9.2631,3.4924,24.2235,16.479,52.5971
ADANIENT,-10.7106,-1.2284,6.3377,5.4334,1.1738,17.9879
ADANIGREEN,-26.6413,3.3556,2.3559,9.5138,8.4141,25.8374
ADANIPORTS,18.2444,3.1152,2.5977,10.3677,10.3033,39.6446
ADANIPOWER,-70.7868,-9.6242,1.8125,-74.3462,-72.2034,-67.845
ADVANCE,-3.9168,-3.9168,5.1153,-3.9168,-3.9168,-3.9168
AFIL,-91.3561,-9.3943,-1.6107,6.0781,-2.9139,-90.6684
ALLCARGO,-36.9978,0.8937,0.0,-2.3919,9.3286,2.8233
ALOKINDS,-16.0116,1.2281,1.0508,-7.2347,-8.4611,3.405
ALPHA,-2.1051,0.8308,0.8512,0.1812,4.0351,13.4519
ALPL30IETF,-0.6095,-1.1765,0.6902,0.7267,1.6875,8.5781
AMBUJACEM,2.2977,-0.4067,1.0134,-4.8488,-0.8014,16.8586
ANANTRAJ,-5.4626,-3.1289,0.2033,14.421,18.515,19.2721
APOLLO,203.8911,-1.8522,2.5502,39.7722,88.1845,144.9244
APOLLOTYRE,9.8824,2.3077,-0.3267,10.9994,5.459,26.9301
APTUS,-8.1025,-7.8108,0.7635,-18.1882,-13.7532,-3.762
ARIHANTCAP,2.1794,-0.3476,2.1067,-8.4497,43.7599,38.4053
ARSSBL,64.6055,45.6748,18.9426,64.6055,64.6055,64.6055
ASHOKA,-13.1574,3.8771,0.842,7.4304,-2.0304,1.636
ASHOKLEY,-32.6856,9.1431,1.5201,11.3899,-37.9146,-33.3753
ASIANPAINT,17.019,15.5167,9.3783,13.0851,26.4092,28.7385
ASIANTILES,2.3116,7.7628,0.9778,7.831,37.892,44.4068
ATALREAL,96.1844,2.5769,-0.4437,19.8058,66.3073,96.1844
ATGL,-6.6801,0.7169,2.0486,-0.8328,-4.9996,7.4602
ATHERENERG,114.8859,-10.0526,-1.5459,55.9102,107.4405,114.8859
AUBANK,53.8169,2.9357,0.1349,17.3154,29.2317,65.6622
AURIGROW,-8.6207,-7.0175,-3.6364,-8.6207,-8.6207,-8.6207
AUROPHARMA,-1.0442,11.197,4.6482,16.8291,2.8867,9.6265
AVANTEL,10.9031,-6.0202,-0.328,17.4529,27.4231,35.1928
AVTNPL,-8.1606,4.3739,2.9136,-2.6603,6.5721,13.7414
AWL,-15.6697,6.053,0.0913,5.0776,6.4854,5.3198
AXISBANK,10.2468,1.2724,1.5624,14.9417,4.4678,23.0586
AXISGOLD,64.8871,-1.5282,0.0479,26.3343,29.8545,44.0657
AXISILVER,76.5613,3.4041,3.633,43.19,62.3852,63.0005
AXITA,-37.5096,-3.5587,-1.93,-7.6136,-14.7799,-22.6451
BAJAJCON,30.1574,0.6178,-3.8243,17.0853,58.0717,67.3269
BAJAJFINSV,27.8342,-3.4583,3.8404,5.4787,3.2384,9.921
BAJAJHFL,-15.5821,-1.3847,-0.13,-5.8978,-13.3511,-5.2845
BAJAJHIND,-31.6098,-1.4527,-0.8019,-2.8637,-8.961,-3.0876
BAJFINANCE,-84.4929,-5.7817,1.3231,14.7218,-88.8555,-87.8702
BANCOINDIA,-18.6671,11.0874,-0.161,36.4452,45.0121,147.8248
BANDHANBNK,-6.6993,-7.4256,2.4182,-11.2979,-6.6486,10.9126
BANKBARODA,18.7862,5.6364,0.3149,17.0982,18.87,36.3723
BANKINDIA,42.1558,12.9075,0.6941,25.952,25.8222,44.3405
BCG,-12.3125,4.3123,4.4676,-19.5066,-12.3125,-12.3125
BDL,71.7448,5.161,5.2433,5.5116,-16.1488,59.8455
BEL,53.5156,2.485,-0.1053,14.7909,11.3328,66.6732
BELRISE,68.689,9.4445,8.8068,10.8248,68.689,68.689
BHAGERIA,11.8932,4.868,-1.1348,14.5903,6.4657,13.401
BHARATFORG,7.0637,11.942,-0.3851,20.5195,12.6734,31.8948
BHARATWIRE,-8.8995,11.9673,2.2853,8.0047,5.844,23.5093
BHARTIARTL,36.6753,2.3982,2.8595,8.9349,14.7046,28.1501
BHEL,26.4652,20.4654,-1.4696,27.6114,13.7456,43.3736
BIOCON,26.3716,12.8603,6.7645,14.3831,23.4314,27.4884
BLACKBUCK,168.7945,1.1138,6.2633,19.324,52.6534,66.1122
BLISSGVS,32.8651,4.0661,3.7524,-2.736,28.2,15.0018
BLS,-15.202,1.734,6.4992,-11.1066,-16.7596,-13.5053
BLSE,1.2975,19.3726,6.159,13.7492,0.0142,22.6223
BORORENEW,52.0046,-0.8566,-5.6628,16.5857,22.0875,29.2896
BPCL,28.3368,9.9052,-0.8018,16.0025,18.5593,47.692
BSE,-39.915,13.3716,6.9359,12.0729,-59.5855,-50.891
BSOFT,-28.8681,14.6777,1.5811,1.3163,-7.7598,-18.2201
CANBK,48.7778,14.4839,3.6913,30.0944,36.7185,67.2621
CANHLIFE,7.9788,8.9764,-0.6031,7.9788,7.9788,7.9788
CASTROLIND,1.567,-3.7789,0.4855,-7.8374,-8.0311,-10.6397
CCL,51.6998,24.7971,1.7291,16.8553,29.868,75.6191
CDSL,8.0517,1.6252,1.5554,2.6648,11.7004,29.4788
CENTRALBK,-28.2823,-2.1677,0.6104,3.6642,2.9603,-18.9611
CESC,1.9405,-2.635,1.9345,6.7185,3.6859,27.7168
CGCL,4.7089,2.6869,0.4507,4.5268,25.3238,14.2898
CGPOWER,5.7911,0.4526,1.4394,10.2707,6.7557,26.0276
CHAMBLFERT,-0.1615,-4.0368,-0.097,-17.657,-21.5784,-15.7182
CHENNPETRO,80.7959,32.6287,-0.3438,56.0391,50.3946,103.722
CHOLAFIN,37.9627,2.4682,-1.5616,12.5878,5.3906,23.8739
CIPLA,4.5624,-6.528,1.1354,-0.9055,4.3309,3.8184
COALINDIA,-6.3868,-0.9345,1.0841,0.5849,-2.9836,4.5952
COCHINSHIP,9.6786,-3.99,-1.6643,0.671,-9.376,30.3097
COFORGE,-77.5235,2.9873,0.1391,5.3383,-78.2183,-75.9932
COHANCE,-42.4013,-29.9294,-10.9326,-31.2098,-43.0356,-42.4013
CONCOR,-33.9759,-2.8007,-0.7745,-6.9327,-29.6904,-24.5419
CPSEETF,6.6332,-0.6383,0.6249,3.3872,1.4115,16.823
CRAMC,-2.7792,-3.8829,-7.1962,-2.7792,-2.7792,-2.7792
CROMPTON,-28.1327,-3.7972,-1.057,-15.8977,-20.1879,-17.0596
CUB,58.018,19.5344,3.7141,26.6985,38.5509,79.2224
CUPID,272.4286,24.1478,23.5399,87.5315,215.4901,357.0343
DABUR,3.2448,4.0531,0.9712,-1.8692,10.0514,3.2144
DAMCAPITAL,-42.3127,-6.0757,1.3931,5.7779,1.6945,-1.9009
DAVANGERE,-37.5626,7.781,3.3149,19.1083,-5.0761,-26.8102
DBREALTY,-5.552,-3.8575,2.6379,-17.1574,-22.3873,12.4088
DCBBANK,55.0901,21.2184,4.2347,43.2185,26.6142,58.4221
DCW,-30.6355,4.7035,-1.748,-16.3048,-11.5526,-11.9796
DELHIVERY,33.3333,-8.107,1.4648,-7.3657,24.3659,59.6488
DEVYANI,-14.2263,-16.6143,-2.795,-18.6148,-23.3753,-21.7867
DHANBANK,-13.2903,3.2655,2.361,-1.7544,-10.1003,-6.5043
DIACABS,12.336,5.0244,2.7685,-0.6067,58.7089,52.2939
DISHTV,-58.0131,2.7523,2.7523,-14.1762,-23.4188,-34.5985
DLF,0.6912,-1.1758,-0.0523,-0.7333,-1.4114,11.4536
DREDGECORP,-4.2567,24.6305,-6.3105,25.1945,5.5567,34.7146
DRREDDY,4.3945,-2.8081,2.8477,0.0482,1.9473,8.1785
DUCON,-40.9488,-3.8618,1.2848,-18.3074,-22.0758,-25.8621
EASEMYTRIP,-73.4558,-1.2422,0.3788,-17.7019,-27.7273,-34.9427
EDELWEISS,8.5525,0.7357,6.8288,19.8538,14.7604,17.8514
EIEL,9.0211,-6.9226,-0.0664,-11.6611,4.9512,-3.7929
ELECTCAST,-44.7323,-15.358,-2.9957,-23.3555,-25.0581,-20.4362
EMBDL,-30.5402,-10.3184,-2.0242,-16.5312,-17.8261,-36.0128
EMIL,-22.7064,-10.2415,-2.5127,5.4183,6.152,1.6003
ENGINERSIN,11.647,1.0547,3.1207,3.0517,-0.2292,18.2393
EPACKPEB,71.798,63.5869,3.0355,71.798,71.798,71.798
EQUITASBNK,-8.5858,2.9311,2.9311,9.321,-6.566,0.6368
ESSENTIA,-40.8304,-2.8409,-0.5814,-14.5,-28.75,-36.4312
ETERNAL,43.6918,-10.173,-0.6704,-6.9821,32.6303,43.6918
EXIDEIND,-8.082,-4.4754,1.061,-3.8607,-0.3661,4.2978
EXXARO,-89.5656,21.3904,-2.5751,2.1372,38.4146,11.0024
FABTECH,19.5866,19.5866,3.7199,19.5866,19.5866,19.5866
FCL,-92.2483,-89.4208,2.4632,-89.8584,-89.0209,-90.1017
FCSSOFT,-34.0491,2.8708,-1.3761,-13.3065,-18.5606,-25.8621
FEDERALBNK,17.9825,4.0426,0.1569,18.3015,17.443,31.365
FEDFINA,48.6348,-0.7308,5.948,8.1956,54.9243,55.0896
FILATEX,-12.6519,-0.7085,-3.111,2.7116,15.9222,31.689
FILATFASH,-27.8689,-8.3333,0.0,-21.4286,-27.8689,-27.8689
FISCHER,-92.4277,-40.4339,-24.5441,-94.3305,-92.4277,-92.4277
FIVESTAR,0.8142,21.1135,2.9828,10.788,-6.4099,-7.6382
FORTIS,44.5952,-14.2086,-4.9853,-2.7232,29.5524,51.4007
FSL,6.9596,13.8954,2.7188,-2.1449,-2.8916,-1.4536
GAIL,-1.1054,2.7968,0.5868,2.9699,-4.7765,11.6923
GALLANTT,94.1923,-0.8884,-10.9711,-6.0818,25.8646,78.2972
GARUDA,177.8289,16.6904,4.2222,14.1236,121.9727,111.8038
GATECH,-11.4286,-7.4627,-4.6154,-6.0606,-21.519,-11.4286
GATECHDVR,-37.8049,-5.5556,-1.9231,-5.5556,-39.2857,-37.8049
GENUSPOWER,-20.0579,10.4115,-3.2832,-4.7427,-4.192,20.1813
GKENERGY,18.3081,-13.1168,6.0946,18.3081,18.3081,18.3081
GLOBE,-34.6512,20.6009,-0.7067,18.5654,12.4,-4.7458
GMBREW,60.9058,2.8785,2.7461,74.2541,66.2801,78.3156
GMDCLTD,73.4719,-1.8333,-5.3842,35.175,63.6206,112.6241
GMRAIRPORT,11.9733,4.0344,0.1885,5.1203,7.5548,36.8082
GMRP&UI,17.7719,2.4417,2.9145,0.7194,1.9128,10.0942
GODREJCP,-2.9747,0.8799,0.7115,-8.052,-9.2959,8.9622
GOKULAGRO,-36.9517,17.6587,8.642,-41.0117,-20.0805,-29.9501
GOLD1,65.3177,-1.4883,0.5384,26.4724,30.2366,43.9901
GOLDBEES,65.0397,-1.265,0.5034,26.4742,30.0714,44.0205
GOLDCASE,65.4912,-1.45,0.4587,26.5896,29.8419,44.2899
GOLDETF,65.572,-1.3742,0.8681,26.6978,30.1857,44.1176
GOLDIETF,65.3159,-0.8685,0.4118,26.566,30.2695,44.3234
GOLDSHARE,65.7998,-1.8657,0.3817,26.4423,30.0371,44.1096
GPIL,47.9125,9.6536,0.5451,26.5319,38.7872,59.8683
GPPL,-0.6946,9.0733,-2.9381,11.8571,20.2468,28.0972
GRAPHITE,20.0189,4.2586,0.3247,5.131,7.8788,35.9776
GREAVESCOT,26.5494,2.3408,4.0591,-1.4544,0.2808,-19.9202
GREENPOWER,-25.0282,1.7598,-1.1887,-7.6389,3.1808,2.3865
GRMOVER,142.1061,16.2777,7.9973,29.0258,58.2195,121.0548
GRSE,108.815,9.8635,3.9915,13.0002,5.1121,119.6104
GSFC,1.2522,0.6222,4.5129,-10.4592,-3.8471,1.8039
GSLSU,-24.6202,22.5303,3.8114,14.2441,5.669,23.7804
GTLINFRA,-33.0144,-4.1096,0.7194,-8.4967,-4.7619,-14.6341
HAL,15.9876,-2.679,-2.731,5.85,-6.1548,40.4126
HARDWYN,-53.2018,32.4434,5.3411,14.4755,17.6851,17.6851
HATHWAY,-26.9061,-1.4158,0.0756,-11.5642,-12.7309,-6.6337
HBLENGINE,64.9062,10.3014,4.7375,31.4856,82.9249,117.7086
HCC,-27.4604,-7.4675,0.8651,-8.229,-12.1575,-2.8777
HCLTECH,-13.1008,6.6337,1.5669,6.5909,-2.3515,-6.2386
HDFCBANK,-41.9623,-1.3311,-0.2118,-50.2263,-48.4556,-41.5303
HDFCGOLD,65.6105,-1.6341,0.5914,26.4456,30.0522,43.6327
HDFCLIFE,12.0492,4.2371,1.2829,-2.8686,2.3616,24.2193
HDFCSILVER,75.7097,3.7934,3.2627,43.2304,62.3651,62.348
HDFCSML250,2.5371,-0.2434,0.4844,0.2329,4.4531,16.8918
HEG,23.4211,1.7956,-2.9898,2.7689,7.4344,43.6047
HFCL,-40.6137,-0.7198,-3.1162,0.7838,-10.2249,-15.1549
HINDALCO,23.4391,2.2,1.2472,14.6679,23.7241,22.9669
HINDCOPPER,26.7965,-2.9246,-6.7973,39.3565,48.0394,50.6606
HINDPETRO,31.0237,6.2479,-1.363,23.1448,19.9377,48.9938
HINDUNILVR,0.1981,-6.4254,0.0082,-9.0681,4.1618,8.2997
HINDZINC,-1.8737,0.1336,-0.0923,13.2674,10.0927,14.1568
HITECH,-35.4367,-6.8806,-0.0563,21.0891,12.1866,-4.8933
HLEGLAS,33.1599,-7.5475,-3.5693,-9.1368,25.0932,83.2329
HONASA,-1.7325,5.2802,6.2762,-1.7986,6.1564,30.5242
HSCL,-8.779,-1.1739,-1.0017,-4.8157,-4.2343,-0.5143
HUDCO,11.7064,-0.5769,-1.3914,6.1104,-0.0308,19.9462
HYUNDAI,36.2065,1.4162,0.0042,-5.3053,27.0614,31.0473
ICICIBANK,9.5377,-1.2443,1.0822,-4.0263,-4.7916,11.3589
ICICIPRULI,-9.1965,5.4797,0.7604,-0.4114,1.5651,9.6603
IDBI,32.1821,7.3751,2.2569,12.0674,8.261,38.2405
IDEA,50.8966,22.3714,6.8359,61.1193,62.0741,36.0697
IDFCFIRSTB,22.7377,4.5496,-0.3222,12.8842,20.2782,32.6571
IEX,-14.7347,-0.5351,-1.2846,-3.912,-29.4,-18.5709
IFCI,-9.8666,-2.4077,1.2209,0.2198,9.6154,17.7027
IGIL,-26.7537,3.4783,-0.3753,1.4105,-7.2935,-17.5388
IGL,-34.5762,2.6401,2.098,3.6203,4.1073,5.5909
IIFL,31.0584,9.5257,1.2113,16.0764,32.214,71.2989
IIFLCAPS,-7.7725,-10.3877,-2.9458,-4.1622,14.3226,32.8045
INDHOTEL,-2.2246,-2.9879,3.3035,-10.6594,-6.3349,-4.8512
INDIANB,64.5259,6.7154,0.0634,29.6097,46.5986,68.2717
INDORAMA,42.735,-19.9913,-9.4033,5.7977,28.1628,40.8742
INDRAMEDCO,32.7722,-3.4012,-0.6074,17.4272,32.2437,38.2472
INDUSINDBK,-15.5634,11.6486,2.6813,9.0015,8.0573,-18.7305
INDUSTOWER,27.6033,16.3516,2.9331,18.118,7.3968,22.5773
INFIBEAM,-28.8963,0.7928,8.4139,14.7413,-0.5735,-4.0744
INFY,-17.0388,2.8681,-1.797,0.4411,-2.8885,-17.2011
INOXGREEN,71.735,-2.935,-1.633,58.1349,40.6415,95.4121
INOXWIND,-21.2739,1.2944,-2.0294,3.1209,-19.2692,-13.9924
INTELLECT,51.6632,14.5244,-0.8372,10.327,-1.4069,50.2413
INVENTURE,-37.7358,-10.8108,-5.036,-12.5828,-15.3846,-21.8935
IOB,-22.2489,-3.4114,-0.8689,1.7042,2.9732,-16.7775
IOC,27.6651,11.3097,-0.6901,21.0761,19.5129,41.144
IOLCP,-72.5795,0.9284,7.7365,-2.4373,10.9861,-71.9607
IRB,-9.3671,-0.2554,-0.6475,-3.6771,-16.1756,-9.4817
IRCON,-11.4252,-4.0886,-0.6692,-4.9042,-11.9886,2.8861
IREDA,-20.2165,-2.3752,0.3824,0.5579,-12.355,-15.6366
IRFC,-12.4955,-3.2462,-0.4934,-4.5135,-11.5618,-3.2771
ITBEES,-10.1439,3.5511,0.5537,2.5937,-0.2497,-8.644
ITC,-12.5174,-1.1863,0.3195,0.5172,-4.2126,1.8084
ITCHOTELS,22.5999,-4.6625,0.7514,-14.9813,-2.7432,28.56
IXIGO,87.9281,-15.634,0.4714,-0.4169,59.7394,97.5194
J&KBANK,14.9041,0.5155,-0.1676,2.8287,6.6428,6.0942
JAICORPLTD,-49.7344,-7.5053,0.3289,21.8437,39.3586,35.7026
JAINREC,38.2444,25.5676,0.9876,38.2444,38.2444,38.2444
JAMNAAUTO,6.856,14.8905,11.2698,2.4029,21.4246,42.633
JAYNECOIND,85.0969,1.6228,1.8172,17.558,85.3731,117.9585
JINDALSAW,-44.301,-9.3623,-2.1748,-17.7623,-19.1075,-34.0624
JINDALSTEL,21.3645,7.0207,-0.3703,5.8991,12.11,22.2468
JIOFIN,-1.2233,1.3518,3.2798,-4.1254,14.6968,34.7627
JISLJALEQS,-26.4997,-5.5622,-0.8137,-9.0144,-15.5745,-22.333
JKTYRE,22.2754,9.9295,1.5789,39.4573,20.1672,57.5073
JMFINANCIL,16.1054,-13.1785,2.2046,-18.367,21.7535,46.5376
JPPOWER,7.117,-0.6711,-1.3881,-6.7717,20.8163,27.5862
JSWCEMENT,-13.4798,-7.7653,3.1337,-17.8444,-13.4798,-13.4798
JSWENERGY,-25.8137,0.6855,0.3701,-0.5548,5.7706,6.4841
JSWINFRA,-5.389,-4.472,-0.8821,-8.8874,-2.5668,8.3301
JSWSTEEL,22.9457,1.9735,-1.9891,7.8699,16.1297,18.9327
JTLIND,-35.0171,-13.2202,1.6878,-16.2768,-13.8224,-33.1979
JUBLFOOD,1.3423,4.1557,6.0771,-2.9801,-8.743,-11.1288
JYOTICNC,-13.0314,2.8751,0.3308,0.9884,-21.325,6.4991
JYOTISTRUC,-62.2824,-14.2229,3.5398,-26.5997,-40.3366,-35.0
KALAMANDIR,5.3718,-7.1114,-4.0269,-8.9927,44.1033,7.9505
KALYANKJIL,-25.8511,0.1212,-2.7287,-2.9573,-10.5757,2.1123
KAMDHENU,-94.3891,0.813,-1.5873,-7.4627,-4.4149,-16.0615
KARURVYSYA,17.2822,3.4354,1.5418,-3.7965,12.4882,16.9909
KEC,-21.3288,-7.1496,3.0597,-3.5107,-2.746,4.7093
KELLTONTEC,-85.1386,-5.3579,-0.6616,-18.9043,-82.0327,-83.1029
KFINTECH,10.7411,-3.2572,-0.914,-2.841,3.2673,18.975
KHAICHEM,41.4456,-24.9901,-2.0941,-21.949,29.6231,66.0136
KIRLOSENG,-3.8223,23.724,15.512,13.6132,28.3104,86.5795
KITEX,-65.1285,13.3441,3.7826,6.4101,-31.714,28.5036
KNRCON,-46.4299,-11.1692,-5.2818,-17.4672,-27.0175,-27.9923
KOTAKBANK,20.7198,-6.0575,-0.345,3.083,0.6729,6.4847
KPIGREEN,-39.5648,-5.4772,-3.4752,-9.999,0.3849,16.3465
KRBL,53.3393,12.3218,13.9162,-8.6003,21.3196,56.3262
KTKBANK,-14.247,-2.879,-1.9213,1.2094,-11.5812,2.3941
LATENTVIEW,7.5349,13.6876,0.6901,14.3793,19.2777,21.4712
LAURUSLABS,106.5543,8.5103,1.3493,14.0346,69.1357,91.5812
LEMONTREE,28.7912,-5.8526,-1.8991,0.6107,15.547,18.9633
LGEINDIA,-4.2665,-2.8465,-2.864,-4.2665,-4.2665,-4.2665
LICHSGFIN,-7.1095,-0.9336,-0.6649,-2.1376,-4.3148,4.347
LICI,0.8539,1.9734,0.9827,1.123,7.5381,16.4618
LIQUIDBEES,0.0,0.0,0.001,0.0,0.0,0.0
LIQUIDCASE,5.6625,0.3513,0.0719,1.2359,2.5216,3.9373
LLOYDSENGG,-15.4419,-2.8696,-0.6693,-15.921,19.9337,-12.6603
LLOYDSENT,45.2015,-5.3144,1.3837,-14.2538,29.9781,31.1545
LODHA,-2.1638,2.0159,-0.9419,-6.9615,-14.2016,-0.4977
LOTUSDEV,-11.407,-6.3176,0.7849,-7.3143,-11.407,-11.407
LOWVOLIETF,10.939,0.0436,1.0582,2.0481,7.2532,12.7398
LT,13.05,3.4007,1.2491,11.4718,12.7555,20.7927
LTF,112.0917,9.9462,-0.305,35.8472,69.3339,116.701
LTGILTBEES,8.5225,0.4478,-0.0343,1.6382,0.8299,5.6905
LUPIN,0.9603,5.7362,4.0184,5.9269,4.3988,7.8699
M&M,29.9168,2.7646,-1.347,8.9233,23.0283,38.5581
M&MFIN,19.5391,3.9751,-2.8639,15.4911,20.5193,14.1246
MAHABANK,12.01,-2.6841,1.6115,5.1477,14.9851,16.6968
MANAKCOAT,122.6984,-8.5993,-1.0439,-6.348,43.1633,43.1633
MANAPPURAM,82.648,-2.3446,2.2736,5.6558,22.4201,39.6533
MARICO,24.12,1.5605,3.6045,-1.749,5.7931,18.2298
MARKSANS,-37.7921,8.9756,-0.7683,6.0334,-22.0259,-14.8684
MAXHEALTH,10.3265,-8.8046,0.7029,-9.9951,-3.9279,9.1908
MAZDOCK,-30.0549,-1.9559,1.0754,0.3318,-20.5114,31.2652
MBEL,7.0476,-0.9398,0.3326,-5.6813,7.0476,7.0476
MCLOUD,-17.9315,4.5134,6.5697,-28.5583,-16.378,-8.4375
METAL,17.3719,3.0303,-0.6598,10.7143,14.4408,22.2738
METALIETF,17.0,2.9326,-0.8475,10.7256,14.7059,22.4419
MFSL,35.2079,9.1372,2.3173,1.8131,18.3451,59.0382
MGEL,-39.3327,-10.9536,-0.7184,-14.2148,6.0629,-51.3037
MICEL,-43.1207,-13.188,-4.3052,-2.8659,-18.9725,-25.3048
MID150CASE,12.173,1.9196,0.7227,4.1083,8.0426,20.4104
MIDCAPETF,11.7011,2.0207,0.6646,3.6024,7.5758,20.0211
MIDCAPIETF,11.6019,1.9965,0.0871,3.3723,7.732,20.0522
MMTC,-13.0924,-2.942,-1.1295,0.2443,7.2537,16.2976
MOBIKWIK,-51.9697,-4.4281,1.8065,10.3184,-6.7133,-18.5483
MODEFENCE,38.5834,1.8243,0.1872,7.8345,-1.9929,54.7542
MOGOLD,26.4093,-1.7758,0.7692,26.3452,26.4093,26.4093
MOM30IETF,-3.3681,-0.1847,1.1544,3.6445,5.6026,12.6477
MON100,40.3276,-0.7861,-1.8409,16.611,33.6864,16.7487
MOREALTY,-1.4373,0.2668,-0.5399,2.6552,0.492,11.2756
MOREPENLAB,-37.5995,-4.4798,-0.1726,-7.0137,-31.8155,-10.6066
MOSCHIP,15.1001,-15.634,0.8153,35.1711,29.1424,34.0463
MOSMALL250,2.509,-0.3484,0.4684,0.1751,4.4431,16.8937
MOTHERSON,-33.4101,3.848,4.1532,12.116,-25.8839,-14.7073
MOTILALOFS,11.614,-2.8471,0.2427,3.2335,25.6241,61.5943
MOTISONS,-38.1772,-0.2952,3.7469,-17.6098,-3.2092,-14.869
MRPL,16.3293,13.3967,-3.6557,37.3761,25.2497,48.6033
MSUMI,-21.4028,3.2508,3.3175,11.847,-16.2271,-2.3218
MTNL,-7.0426,-1.0843,-0.6053,-6.8527,-9.101,-12.6782
MUFIN,-9.7654,8.2654,-1.9016,23.0778,35.7401,50.6157
NAM-INDIA,27.4264,-9.2319,-0.8442,-0.3348,19.9208,62.2193
NATIONALUM,9.4361,16.166,-1.1631,36.5987,41.9681,30.6253
NAUKRI,-82.5618,0.915,-1.305,-5.1594,-9.4114,-82.4402
NAZARA,-70.3006,1.1645,6.7278,-77.5586,-78.9662,-70.3377
NBCC,26.8363,0.5816,0.4842,8.3025,0.9106,40.7745
NCC,-33.6827,-11.7771,-2.4684,-16.6229,-21.3691,-1.4821
NDL,-33.6777,1.5823,-1.2308,-5.8651,-21.5159,-13.4771
NESTLEIND,-42.5447,-1.0736,0.276,6.8302,-46.1574,-42.5901
NETWEB,27.5909,-11.7919,-1.5943,67.8219,89.8713,114.9422
NETWORK18,-45.4234,-4.853,-0.8571,-19.712,-4.7158,-0.0864
NEWGEN,-9.9248,6.8856,-1.9031,7.1046,-24.6355,-3.5872
NHPC,2.738,-7.232,-1.9416,-2.9725,-8.2286,0.5132
NIFTYBEES,11.567,0.3324,0.6911,3.6493,6.1324,14.5971
NIVABUPA,5.5119,2.8337,0.7235,-9.2342,-13.5193,-1.5177
NLCINDIA,8.6743,-4.5667,-2.9871,7.8013,6.2557,13.9289
NMDC,-65.6279,1.7411,1.0028,6.5859,7.5291,13.0223
NSLNISP,-1.7739,-0.3921,-1.5725,7.8133,11.0283,10.9712
NTPC,-10.4309,-3.9479,0.551,-3.962,-3.7932,0.6743
NTPCGREEN,-19.0464,-1.5003,0.4795,-6.37,-12.2125,-6.6982
NYKAA,53.2972,1.0292,-0.7213,15.5209,29.1352,58.4034
OIL,-7.5352,7.3473,0.2064,7.0711,4.4221,11.3277
OILIETF,15.4995,4.9194,1.1447,9.0829,7.9407,21.8719
ONEPOINT,-21.3851,12.0634,-0.8447,19.7542,-22.4008,5.4297
ONGC,-1.2168,-0.4583,-0.7416,4.0642,2.4538,3.2097
PACEDIGITK,0.6193,2.0233,4.259,0.6193,0.6193,0.6193
PAISALO,-20.5964,-11.8553,6.1168,11.8893,9.4995,-15.6641
PARADEEP,51.5414,-8.631,2.488,-24.2434,3.7096,84.6879
PARAGMILK,75.7616,17.2191,12.4662,44.9207,66.1889,125.6716
PARAS,-19.9979,7.6458,9.0094,12.4504,-52.6286,-14.3289
PARSVNATH,-32.5612,-6.9453,-3.1969,-6.9453,-27.5945,-32.5612
PATANJALI,-68.305,-0.4151,0.9099,-67.5929,-65.6518,-68.3451
PATELENG,-32.0076,-1.8589,3.0129,-7.6171,-14.2994,-20.1512
PAYTM,65.7354,-0.4826,-2.5064,4.1026,56.823,69.5751
PCJEWELLER,-27.1582,-4.3046,-6.4725,-11.4176,-5.1682,-2.4473
PENIND,23.0491,-3.3424,-2.643,-14.5692,5.4484,29.3982
PETRONET,-12.2374,-1.9355,-1.4232,-2.338,-14.5667,-9.2688
PFC,-18.4233,-5.8676,-0.1067,-7.1393,-7.8701,-3.8748
PFOCUS,39.2837,2.6576,6.1213,3.8742,74.1678,57.978
PFS,-10.1695,8.8822,-0.1385,-9.7646,-0.387,2.0096
PGEL,-7.4003,-1.0103,9.2404,7.7339,-23.5419,-30.0587
PHARMABEES,6.381,1.5666,1.8769,3.4116,6.0427,12.3195
PNB,21.5657,3.4801,0.1557,14.0977,21.7595,29.6658
PNBHOUSING,5.0795,5.3213,1.8809,13.229,-12.3432,13.7567
POLICYBZR,1.0902,5.8057,-3.2175,-9.5327,-1.4231,11.2526
POONAWALLA,31.6868,-8.3415,0.1601,1.3829,18.6196,61.4591
POWERGRID,-13.0588,-5.864,1.3637,-5.9293,-6.7377,3.5892
PPLPHARMA,-22.9275,-0.7824,-0.0978,1.1679,-5.9568,-7.1849
PRECWIRE,58.6489,29.9923,16.8329,52.782,49.3596,86.5702
PREMIERENE,-8.0361,-5.1426,-2.6534,-3.8169,-7.9003,2.7862
PRICOLLTD,30.6163,9.4445,-0.2121,31.1845,32.5296,35.7572
PSB,-36.8399,-2.1111,-1.1479,2.6917,-1.1155,-30.7604
PSPPROJECT,55.7515,26.6212,2.6832,52.8546,51.9512,60.3855
PSUBNKBEES,28.9311,7.1208,1.1658,18.3483,25.5627,41.5924
PTC,-1.2306,0.8088,-0.2365,-13.3779,-8.9586,8.7155
PVTBANIETF,14.7534,-0.8036,0.6024,4.5287,3.5376,15.5474
QUADFUTURE,-32.1284,-18.7407,-0.6429,-22.5918,-35.7531,-35.8352
RAIN,-22.4177,-7.6856,-5.5214,-23.6094,-19.3611,-10.5952
RAJRATAN,-6.7947,23.9686,-1.0868,44.4818,15.3424,19.3719
RALLIS,-17.397,-13.1023,1.0887,-33.2268,-10.9414,14.8946
RAMASTEEL,-13.1514,5.5276,-2.1435,-2.6877,-6.0823,-2.9575
RBA,-22.5731,-11.0531,-1.4237,-22.9801,-24.0569,-8.5884
RBLBANK,101.1806,-2.4491,-0.5462,24.1816,53.2782,95.9958
RCF,-1.4041,1.5406,1.5406,-4.4692,-1.1121,15.0789
RECLTD,-28.5329,-4.4436,-1.1048,-5.9866,-10.8885,-11.2749
REDINGTON,54.1076,10.2919,2.2199,19.578,7.2104,17.1723
REGAAL,-31.1902,7.2495,4.2727,-31.1902,-31.1902,-31.1902
RELIANCE,20.4759,3.5519,1.7075,7.4947,7.7693,23.6738
RELIGARE,5.79,1.1476,1.8609,1.9008,12.6175,-1.4741
RENUKA,-28.64,-4.5639,-0.1062,-5.5537,-12.3836,-6.7085
RHETAN,16.5336,14.6488,13.8596,16.5336,16.5336,16.5336
RICOAUTO,15.7432,14.1257,14.7619,2.2454,38.6223,40.0766
RKFORGE,-41.2396,1.5526,1.7489,-3.8281,-10.1885,-21.924
RPOWER,-2.9812,-6.4085,0.3399,-11.3661,-7.3111,9.6286
RTNINDIA,-22.1242,-8.3823,-5.9887,-13.3864,-3.5265,0.9713
RTNPOWER,-19.2581,-7.8378,-1.0638,-18.16,-4.3925,3.8579
RUBICON,13.6262,18.003,14.9622,13.6262,13.6262,13.6262
RVNL,-22.8616,-2.4164,1.0386,-2.9474,-20.7088,-13.6266
SAGILITY,80.4267,17.0217,6.411,18.7695,22.2299,26.9176
SAIL,25.9111,9.3577,-1.669,14.425,12.9235,25.9223
SAKUMA,-7.6364,6.7227,0.0,-7.971,-7.6364,-7.6364
SALASAR,-41.0747,1.7058,-4.5045,19.8492,7.5536,-11.0904
SAMBHV,12.9009,0.2183,0.0545,-9.8511,12.9009,12.9009
SAMHI,1.7868,-9.1899,-3.2169,-12.9652,-1.7836,18.4461
SAMMAANCAP,21.8203,2.4129,-0.1247,45.0189,39.716,47.6075
SANDUMA,-49.0963,0.8659,7.9521,-52.2327,-57.2403,-47.9532
SARVESHWAR,-44.4196,-4.4146,2.6804,-41.2736,-29.8592,-30.0562
SBC,-9.0237,6.5396,-2.0701,28.7284,65.3226,30.1587
SBFC,30.414,-1.6644,-0.9784,-2.2973,3.3667,25.56
SBICARD,29.2297,-6.7168,1.3319,6.949,-1.1635,4.7593
SBILIFE,28.0494,8.7623,0.1802,7.6621,13.7327,33.8037
SBIN,18.8567,6.6501,1.5263,16.7561,23.2537,34.0512
SBISILVER,75.7891,3.4585,3.5745,43.2415,62.5945,63.5086
SCI,26.8953,17.2908,1.3175,23.9778,35.2812,64.2826
SEPC,-50.3515,-0.6157,3.7649,-7.377,-22.8669,-23.0769
SEQUENT,30.2627,15.3068,0.1574,29.3945,27.2031,43.6148
SETFGOLD,65.1026,-1.6006,0.4696,26.3973,30.0073,43.8929
SETFNIF50,11.4617,0.3338,0.6441,3.5571,6.0671,14.5644
SHAH,0.2404,-1.8824,0.2404,11.2,32.381,13.0081
SHANTIGOLD,-0.7673,10.8665,-1.0692,-7.9133,-0.7673,-0.7673
SHAREINDIA,-37.6685,-17.8056,-2.3091,7.2705,-1.064,-22.8458
SHREEJISPG,16.7777,27.7444,9.8046,16.7777,16.7777,16.7777
SHRINGARMS,16.7676,7.4511,-1.4427,16.7676,16.7676,16.7676
SHRIRAMFIN,-71.5851,16.6222,-2.7634,31.3159,24.5556,38.3182
SHRIRAMPPS,-9.2205,0.6163,-3.9885,-0.7407,8.1938,20.9456
SIGACHI,-29.1235,-6.883,-0.5034,13.6015,-17.9806,-6.9317
SILVER,76.7519,3.9183,3.4067,43.2057,61.7138,63.2682
SILVER1,76.1018,4.0048,3.4497,43.039,62.1418,62.5498
SILVERBEES,76.3231,2.9835,3.5191,43.247,62.2657,62.9385
SILVERCASE,59.587,2.3975,3.6398,42.7441,61.4925,59.587
SILVERETF,76.2592,3.388,3.5676,43.2055,62.2227,62.7165
SILVERIETF,76.4452,3.6289,3.5953,43.243,62.6885,63.1541
SINDHUTRAD,0.9808,-6.9914,-1.251,-2.9906,8.2762,52.0873
SJVN,-20.2447,-6.4784,1.4591,-14.4819,-17.4188,-10.2699
SKYGOLD,8.5603,-1.8117,0.0288,10.638,1.835,3.2599
SMALLCAP,-4.6809,-0.2855,0.3758,-0.4167,1.3616,9.739
SONACOMS,-27.2782,5.2905,-0.8575,7.8272,-8.039,-4.3058
SONATSOFTW,-32.354,4.0462,0.6321,0.4834,-4.2237,-9.1318
SOUTHBANK,66.6667,0.7156,-1.9861,26.162,33.2866,58.0699
STAR,-30.9387,15.8796,1.9723,7.5761,29.1915,44.7385
STEELXIND,-11.4706,-9.6096,1.3468,-10.7708,8.5337,5.4907
STLNETWORK,-22.3689,-12.8519,0.9438,-22.3689,-22.3689,-22.3689
STLTECH,2.8332,1.2847,4.8529,-7.6416,73.948,28.2314
SUBEXLTD,-42.3472,-0.2317,-4.7198,0.78,-5.4173,-17.2325
SUNDARAM,-25.2964,5.0,0.5319,-6.4356,-13.3028,-13.3028
SUNPHARMA,0.535,4.0566,2.3891,7.5929,2.2342,6.8958
SUZLON,-2.6662,8.6457,-0.2421,-3.6257,-5.4581,4.5496
SWANCORP,2.6029,7.1847,-3.0428,2.6029,2.6029,2.6029
SWIGGY,-6.427,-6.8263,-0.2917,-6.6382,24.7738,9.0279
SWSOLAR,-51.8751,2.1218,-0.4121,-17.3875,-17.3727,-17.5655
SYNCOMF,-18.002,0.7903,3.625,-3.4924,-15.8803,-2.4706
SYRMA,59.6768,14.675,7.6169,24.198,65.9738,110.0893
TARC,-30.6031,-4.0079,-3.7656,-13.2571,-12.2972,10.7126
TARIL,-60.3242,-33.9902,12.7569,-35.9243,-37.3684,-25.1822
TATACAP,-1.5129,0.0461,-0.0461,-1.5129,-1.5129,-1.5129
TATACONSUM,24.3943,-1.5811,0.1384,4.7498,2.7603,15.3187
TATAGOLD,65.0407,-1.536,0.6612,26.3485,29.9893,43.9716
TATAINVEST,-88.3025,-3.205,0.0642,-88.7715,-87.4028,-86.8847
TATAPOWER,-4.0277,-2.8514,-1.82,-0.5505,-1.82,8.7346
TATASTEEL,23.4049,1.3434,-3.745,7.621,8.0414,23.7994
TATSILV,76.958,2.5658,3.5193,43.8192,62.3958,63.2461
TCS,-22.7267,3.0114,1.9363,0.2388,-10.6701,-17.9609
TDPOWERSYS,90.7502,21.6442,1.0092,53.487,62.3515,135.7336
TECHM,-13.343,-0.36,2.2159,-5.5705,-8.0736,-12.7493
TEJASNET,-59.3344,-3.4371,2.8924,-10.2394,-29.8256,-34.787
TEXRAIL,-33.4064,-2.8845,-3.0791,-5.7708,-16.8174,-9.0637
TFCILTD,-54.0384,-7.0037,-2.1227,-78.4265,-67.39,-56.1004
TI,40.9623,-0.041,-4.2027,-1.6136,41.9881,99.4276
TICL,-40.6143,6.6796,-1.1068,31.8182,31.8182,-24.5894
TIMETECHNO,-45.2025,-7.2919,-2.5764,-57.454,-45.319,-48.5017
TITAN,20.7074,2.4617,0.4407,6.5146,8.1389,20.4189
TMPV,-3.0002,-3.0002,-4.0236,-3.0002,-3.0002,-3.0002
TPHQ,-57.3529,-12.1212,-6.4516,-19.4444,-19.4444,-56.7164
TRANSRAILL,17.7852,-11.3769,0.3,-17.4422,15.8185,24.6654
TRENT,-30.3167,-8.5605,1.7471,-19.4719,-17.7986,-13.0145
TRIDENT,-10.7561,1.0749,0.2844,-2.4888,-14.1771,1.329
TTML,-19.8516,-1.9245,0.0185,-5.2114,-29.5514,-17.3627
TVSMOTOR,40.1697,-7.27,-2.5243,4.8517,20.8256,45.659
UCOBANK,-26.1361,-3.8197,-2.2901,4.9539,-0.3245,-20.3733
UJJIVANSFB,52.7868,1.073,1.5285,18.6126,16.5317,60.1546
UNIONBANK,32.6272,8.0875,0.0917,11.5769,9.1611,32.0539
UNITDSPR,-2.8148,4.6719,1.0534,6.999,-8.8625,9.4068
UNITECH,-7.9838,-4.7619,-0.1468,-7.9838,-7.9838,-7.9838
UNOMINDA,30.9688,6.311,-0.2975,5.8633,27.0977,53.2294
UPL,41.2926,11.4277,0.8307,6.3284,20.0411,17.3668
URBANCO,-15.6627,-8.7667,-3.7027,-15.6627,-15.6627,-15.6627
URJA,-16.7903,-1.201,-0.9631,-11.4778,-20.5409,-16.7903
UTIBANKETF,16.7571,0.8197,0.7018,5.0915,7.0705,20.2754
UTKARSHBNK,-54.6466,-10.341,0.9913,-23.4382,-30.5792,-39.0882
VAIBHAVGBL,-1.2295,18.4434,2.9315,18.0846,6.6415,8.7367
VAKRANGEE,-61.3933,2.6284,5.2696,-8.7141,0.2334,-42.8096
VASCONEQ,5.8878,-12.4924,-2.4983,8.8821,17.7787,46.5015
VBL,-24.67,0.6683,-2.3799,-11.2528,-2.1616,-3.8208
VCL,34.1463,12.2449,18.2796,11.1111,42.8571,37.5
VEDL,17.3966,10.8567,0.2863,17.9237,20.7424,19.8882
VIKASECO,-43.75,-6.7358,-0.5525,-16.2791,-23.0769,-28.2869
VIKASLIFE,-52.6316,-6.6038,-1.4925,-13.5371,-26.1194,-39.0769
VIKRAMSOLR,-11.041,-4.0841,0.2847,-11.041,-11.041,-11.041
VIKRAN,13.8544,10.26,6.1775,13.8544,13.8544,13.8544
VINCOFE,49.4273,20.7404,4.1364,13.2448,69.7053,81.8566
VMM,22.3443,-7.5042,-0.1968,-8.81,13.6715,33.4048
VOLTAS,-20.3455,-6.4992,3.6125,-1.3798,6.2028,6.4539
VTL,0.9362,11.4447,1.3429,5.5355,-10.3544,7.7839
WAAREEENER,7.5214,-4.5029,0.907,6.2573,11.7388,48.1267
WAAREERTL,35.8715,-5.7365,-0.5641,13.4139,14.4178,35.8715
WELCORP,35.8929,10.284,-0.2281,5.2481,19.7913,17.9985
WELSPUNLIV,-6.1851,13.4503,2.5959,14.4453,-8.5663,16.2242
WIPRO,-55.7981,1.2975,1.1089,-2.5793,-0.6384,-20.2318
XCHANGING,-17.603,1.8384,-0.8776,-0.934,-11.0554,-11.938
YATRA,77.8399,12.69,13.5222,21.762,87.7941,141.0668
YESBANK,16.7012,-0.6184,-0.5745,16.219,7.2961,25.488
ZAGGLE,-24.4391,12.6957,4.6685,-1.986,-6.472,13.4451
ZEEL,-12.9289,-3.3288,1.721,-14.5578,-21.0621,2.7193
ZEEMEDIA,-47.4267,-14.8746,0.0,-26.6409,-34.573,-35.6804
